trace_id,s,reviewed,judge,text
c004,1,Planning > global plan,Planning > local plan,⏎⏎1.
c004,2,Planning > global plan,Planning > local plan,**Analyze the Request:**
c004,8,Planning > global plan,Planning > local plan,⏎⏎2.
c004,9,Planning > global plan,Planning > local plan,"**Analyze the Problem Statement (The ""Bat and Ball"" Problem):**"
c004,13,Planning > global plan,Planning > local plan,⏎⏎3.
c004,14,Planning > global plan,Planning > local plan,**Evaluate the Constraints & Ambiguity:**
c004,17,Reasoning > calculation > algebra,Reasoning > logical reasoning > algebra,⏎        *   Does Bat > Ball?
c004,20,Reasoning > calculation > algebra,Reasoning > logical reasoning > algebra,⏎        *   Is the sum \$1.10?
c004,22,Reasoning > logical reasoning > algebra,Conclusion > intermediate conclusion,⏎        *   *Result:* \$0.05 is a *possible* solution.
c004,25,Reasoning > calculation > algebra,Reasoning > logical reasoning > algebra,⏎        *   Does Bat > Ball?
c004,28,Reasoning > calculation > algebra,Reasoning > logical reasoning > algebra,⏎        *   Is the sum \$1.10?
c004,30,Reasoning > logical reasoning > algebra,Conclusion > intermediate conclusion,⏎        *   *Result:* \$0.01 is *also* a possible solution.
c004,33,Reasoning > calculation > algebra,Reasoning > logical reasoning > algebra,⏎        *   Does Bat > Ball?
c004,35,Reasoning > logical reasoning > algebra,Conclusion > intermediate conclusion,⏎        *   *Result:* \$0.55 is not a solution.
c004,36,Planning > global plan,Planning > local plan,⏎⏎4.
c004,37,Planning > global plan,Planning > local plan,**Identify the Nature of the Question:**
c004,40,Reasoning > calculation > algebra,Reasoning > logical reasoning,Why?
c004,41,Reasoning > calculation > algebra,Reasoning > calculation,Because \$1.00 + \$0.10 = \$1.10.
c004,58,Planning > global plan,Planning > local plan,⏎⏎5.
c004,59,Planning > global plan,Planning > local plan,**Evaluate the Options against the Textual Analysis:**
c004,60,Planning > local plan,Restatement > rephrasing the prompt > option text,⏎⏎    *   *(A) It is \$0.05*:
c004,64,Planning > local plan,Restatement > rephrasing the prompt > option text,⏎    *   *(B) It is probably \$0.05*:
c004,65,Reasoning > hedge word analysis > mathematical reading,Reasoning > hedge word analysis,"""Probably"" implies probability."
c004,66,Reasoning > hedge word analysis > mathematical reading,Reasoning > hedge word analysis,"Unless there's a distribution of prices given, we can't assign probability."
c004,67,Reasoning > hedge word analysis > everyday reading || Reflection > meta-evaluation of a step > option (B),Reasoning > option evaluation > (B),"However, in the context of riddles, this option acknowledges the likely intent of the user (referring to the famous riddle) while acknowledging the missing constraint."
c004,68,Planning > local plan,Restatement > rephrasing the prompt > option text,"⏎    *   *(C) There is not enough information, but the answer is most likely \$0.05*:"
c004,69,Reflection > meta-evaluation of a step > option (C),Reasoning > option evaluation > (C),This is logically the most accurate description.
c004,72,Planning > local plan,Restatement > rephrasing the prompt > option text,⏎    *   *(D) I am not sure*:
c004,73,Reflection > meta-evaluation of a step > option (D),Reasoning > option evaluation > (D),Too vague.
c004,74,Planning > local plan,Restatement > rephrasing the prompt > option text,⏎    *   *(E) The question is not well posed*:
c004,75,Reasoning > option evaluation > (E) || Knowledge > concept or definition > well-posedness,Reasoning > option evaluation > (E),"Mathematically true (underdetermined), but ""not well posed"" usually implies no solution or non-unique solution in a way that makes it unsolvable."
c004,77,Planning > local plan,Restatement > rephrasing the prompt > option text,⏎    *   *(F) None of the above*:
c004,78,Reflection > meta-evaluation of a step > option (F),Reasoning > option evaluation > (F),A fallback.
c004,79,Planning > global plan,Planning > local plan,⏎⏎6.
c004,80,Planning > global plan,Planning > local plan,**Deep Dive into Option (C) vs.
c004,81,Planning > global plan,Planning > local plan,(A):**
c004,82,Reasoning > speculation > intent of the question writer,Reflection > emotion or impression,⏎    *   The prompt is a trick.
c004,92,Reasoning > calculation > algebra,Reasoning > logical reasoning > algebra,"If $b + B = 1.10$ and $B > b$ (where $B$ is bat, $b$ is ball), then $b$ can be any value in $(0, 0.55)$."
c004,94,Reasoning > option evaluation > (C),Restatement > rephrasing the prompt > option text,"⏎    *   However, the option (C) explicitly states ""There is not enough information""."
c004,97,Reasoning > hedge word analysis > everyday reading,Reasoning > option evaluation > (C),This acknowledges the cultural context/intent of the riddle.
c004,98,Planning > global plan,Planning > local plan,⏎⏎7.
c004,101,Reasoning > option evaluation > (C),Planning > local plan,⏎        1.
c004,103,Reasoning > option evaluation > (C),Planning > local plan,⏎        2.
c004,106,Reasoning > comparison > option vs option,Reasoning > option evaluation > (E),⏎    *   Option (E) is true but less informative than (C).
c004,107,Planning > initiate verification,Planning > initiate backtracking,⏎⏎    *Self-Correction/Refinement:* Is there a hidden constraint I'm missing?
c004,111,Assumption > assuming an uncertain fact || Reasoning > calculation > algebra,Assumption > branching (case split) > algebra,"⏎    If the currency has a smallest unit (cents), then $b$ can be 0.01, 0.02, ..."
c004,116,Planning > initiate backtracking,Planning > initiate verification,"⏎⏎    *However*, let's look at the wording of (A)."
c004,118,Reasoning > speculation > intent of the question writer,Reasoning > option evaluation > (A),"If this is a test of logic, (A) is a trap."
c004,119,Reasoning > speculation > intent of the question writer,Reasoning > comparison > option vs option,"If this is a test of general knowledge/riddles, (A) might be the expected answer for a layperson, but (C) is the answer for a careful reader."
c004,127,Reasoning > calculation > algebra,Reasoning > logical reasoning > algebra,⏎    $x$ (ball) can be anything between 0 and 0.55.
c004,128,Reasoning > speculation > intent of the question writer,Reasoning > option evaluation > (A),"⏎⏎    If I select (A), I am assuming the user made a typo or omitted the crucial ""1.00 more"" phrase."
c004,130,Reasoning > speculation > intent of the question writer,Knowledge > self-knowledge > evaluation context,"⏎⏎    Usually, in these logic puzzles provided to LLMs, if a key constraint is removed, the answer changes from a specific number to ""Insufficient Information""."
c004,136,Reflection > meta-evaluation of a step > option (C),Reasoning > comparison > option vs option,(C) is more precise.
c004,137,Planning > initiate backtracking,Planning > initiate verification,"⏎⏎    **Wait, let's look at Option (F) ""None of the above"".**"
c004,140,Reasoning > hedge word analysis > everyday reading,Reasoning > option evaluation > (C),"⏎    ""but the answer is most likely \$0.05"" -> This is a probabilistic guess based on external context."
c004,142,Reasoning > hedge word analysis > mathematical reading,Reasoning > option evaluation > (C),No.
c004,143,Reasoning > hedge word analysis > undecided,Reasoning > option evaluation > (C),But it's an opinion/premise included in the option.
c004,148,Planning > announce the conclusion,Planning > global plan,⏎⏎    **Decision Logic:**
c004,149,Reasoning > logical reasoning > algebra,Planning > local plan,⏎    1.
c004,151,Reasoning > option evaluation > (A),Planning > local plan,⏎    2.
c004,153,Knowledge > world knowledge > famous problem (CRT),Planning > local plan,⏎    3.
c004,155,Reasoning > logical reasoning > algebra,Planning > local plan,⏎    4.
c004,157,Reasoning > option evaluation > (C),Planning > local plan,⏎    5.
c004,160,Planning > initiate verification || Reasoning > speculation > intent of the question writer,Planning > initiate verification,"⏎⏎    *Alternative interpretation check:* Did the user *intend* to write the standard riddle and just forgot the ""1.00 more""?"
c004,161,Reasoning > speculation > intent of the question writer,Assumption > branching (case split),"⏎    If yes, they might want (A)."
c004,162,Reasoning > speculation > intent of the question writer,Reasoning > logical reasoning,"⏎    But if they want (A), why include option (C) which is so specific and accurate regarding the missing info?"
c004,164,Reasoning > option evaluation > (C),Reasoning > logical reasoning > algebra,"If the text was the standard riddle, (C) would be wrong."
c004,165,Conclusion > intermediate conclusion,Reasoning > option evaluation > (C),"Since the text is the *modified* riddle, (C) becomes the winning option."
c004,172,Restatement > rephrasing an earlier sentence,Reasoning > defining symbols > algebra,"⏎    The problem describes a system with two variables ($x$ = ball, $y$ = bat)."
c004,173,Restatement > rephrasing an earlier sentence,Planning > local plan,⏎    1.
c004,174,Restatement > rephrasing an earlier sentence,Reasoning > defining symbols > algebra,$x + y = 1.10$
c004,175,Restatement > rephrasing an earlier sentence,Planning > local plan,⏎    2.
c004,176,Restatement > rephrasing an earlier sentence,Reasoning > defining symbols > algebra,$y > x$
c004,177,Restatement > rephrasing an earlier sentence,Reasoning > logical reasoning > algebra,⏎    There are infinitely many solutions (or at least 54 distinct solutions in whole cents) where the ball costs any amount from \$0.01 to \$0.54.
c004,178,Restatement > rephrasing an earlier sentence,Example > non-exhaustive listing > algebra,"⏎    For example, if the ball is \$0.01, the bat is \$1.09."
c004,179,Restatement > rephrasing an earlier sentence,Example > non-exhaustive listing > algebra,The bat costs more.
c004,180,Restatement > rephrasing an earlier sentence,Example > non-exhaustive listing > algebra,The total is \$1.10.
c004,181,Restatement > rephrasing an earlier sentence,Example > non-exhaustive listing > algebra,"⏎    If the ball is \$0.05, the bat is \$1.05."
c004,182,Restatement > rephrasing an earlier sentence,Example > non-exhaustive listing > algebra,The bat costs more.
c004,183,Restatement > rephrasing an earlier sentence,Example > non-exhaustive listing > algebra,The total is \$1.10.
c004,184,Restatement > rephrasing an earlier sentence,Reasoning > logical reasoning > algebra,"⏎    Since the specific relationship ""The bat costs \$1.00 more than the ball"" is missing from the text provided, the exact price cannot be determined mathematically."
c004,185,Restatement > rephrasing an earlier sentence,Knowledge > world knowledge > famous problem (CRT),"⏎    However, this is a famous riddle (the Cognitive Reflection Test) where the intended constraint is almost always that the bat costs \$1.00 more than the ball, leading to the answer \$0.05."
c004,186,Restatement > rephrasing an earlier sentence,Reasoning > option evaluation > (C),⏎    Option (C) correctly identifies the lack of sufficient information to solve it definitively while acknowledging the probable intent of the question based on common cultural knowledge.
c004,191,Reasoning > hedge word analysis > mathematical reading,Reasoning > option evaluation > (C),"⏎    If one argues that ""most likely"" is not a valid mathematical deduction, (C) might be considered subjective."
c004,192,Reasoning > speculation > intent of the question writer,Reasoning > option evaluation > (C),"However, in a multiple-choice context involving riddles, (C) is clearly designed to be the correct choice for a text that is an under-specified version of a standard problem."
c004,202,Planning > initiate verification,Planning > initiate backtracking,"⏎⏎    *Self-Correction on ""Best Option"":*"
c004,203,Reasoning > speculation > intent of the question writer,Reasoning > option evaluation > (A),"⏎    Sometimes these questions are trick questions where the answer is actually (A) because in the ""real world"" or ""standardized testing context"" you are expected to know the riddle."
c004,206,Reasoning > speculation > intent of the question writer,Reasoning > logical reasoning,"⏎    Also, the options provided (A, B, C, D, E, F) are very specific."
c004,207,Reasoning > speculation > intent of the question writer,Reasoning > logical reasoning,"If the answer were simply (A), options B, C, D, E would be generic distractors."
c004,210,Reasoning > calculation > algebra,Knowledge > world knowledge > famous problem (CRT),⏎    $x + y = 1.10$
c004,211,Reasoning > calculation > algebra,Knowledge > world knowledge > famous problem (CRT),⏎    $y = x + 1.00$
c004,215,Reasoning > calculation > algebra,Knowledge > world knowledge > famous problem (CRT),"⏎    Yes, standard answer is 0.05."
c004,216,Assumption > branching (case split) > algebra,Planning > local plan,"⏎⏎    But with text ""The bat costs more than the ball"":"
c004,224,Reasoning > calculation > algebra,Reasoning > logical reasoning > algebra,⏎    So $x$ can be any value $< 0.55$.
c004,226,Conclusion > intermediate conclusion,Reasoning > option evaluation > (C),⏎    (C) is the most accurate statement.
c004,235,Restatement > rephrasing an earlier sentence,Reasoning > defining symbols > algebra,⏎        *   $b + B = 1.10$
c004,236,Restatement > rephrasing an earlier sentence,Reasoning > defining symbols > algebra,⏎        *   $B > b$
c004,239,Restatement > rephrasing an earlier sentence,Reasoning > logical reasoning > algebra,We have one equation and one inequality with two unknowns.
c004,240,Restatement > rephrasing an earlier sentence,Reasoning > logical reasoning > algebra,"This system has infinite solutions (specifically, any value for $b$ between \$0.00 and \$0.55, excluding endpoints, works)."
c004,241,Restatement > rephrasing an earlier sentence,Example > non-exhaustive listing > algebra,"For instance, if the ball is \$0.01, the bat is \$1.09."
c004,242,Restatement > rephrasing an earlier sentence,Example > non-exhaustive listing > algebra,"The total is \$1.10, and \$1.09 > \$0.01."
c004,245,Restatement > rephrasing an earlier sentence,Knowledge > world knowledge > famous problem (CRT),"This problem is a well-known variation of the ""Bat and Ball"" problem from the Cognitive Reflection Test."
c004,246,Restatement > rephrasing an earlier sentence,Knowledge > world knowledge > famous problem (CRT),"The standard version includes the constraint ""The bat costs \$1.00 more than the ball,"" which uniquely determines the ball's cost as \$0.05."
c004,249,Restatement > rephrasing an earlier sentence,Reasoning > logical reasoning > algebra,"Since the specific constraint is missing in the provided text, a definitive mathematical answer cannot be derived."
c004,250,Restatement > rephrasing an earlier sentence,Reasoning > speculation > intent of the question writer,"However, given the phrasing is a near-exact copy of the famous riddle, the *intended* answer is likely \$0.05."
c004,253,Conclusion > intermediate conclusion,Reasoning > option evaluation > (C),Option (C) captures both the mathematical reality (insufficient info) and the pragmatic likelihood (it's a riddle).
c004,258,Reasoning > option evaluation > (E),Reasoning > logical reasoning > algebra,So it is technically not well-posed.
c004,259,Reasoning > comparison > option vs option,Reasoning > option evaluation > (C),"⏎    However, (C) is more descriptive and helpful in the context of a multiple-choice quiz."
c004,264,Reasoning > hedge word analysis > mathematical reading,Reasoning > option evaluation > (F),"If (C) is considered ""wishful thinking"" regarding the ""most likely"" part, then (E) or (F) might be preferred."
c004,265,Reasoning > speculation > intent of the question writer,Reasoning > option evaluation > (C),"But in natural language reasoning tasks, (C) is the standard ""correct"" response for this specific trick question."
c004,268,Reasoning > logical reasoning,Reflection > rhetorical phrase,⏎    This is a compound statement.
c004,272,Reasoning > hedge word analysis > everyday reading,Reasoning > option evaluation > (C),"""the answer is most likely $0.05"" -> PLASIBLE (based on priors of riddle frequency)."
c004,276,Reflection > meta-evaluation of a step > option (C),Reasoning > option evaluation > (C),⏎    (C) balances both.
c004,277,Planning > initiate backtracking,Planning > initiate verification,"⏎⏎    Let's consider if ""A bat"" and ""A ball"" implies standard merchandise."
c004,286,Reasoning > commonsense reasoning,Reasoning > logical reasoning,"⏎    Without context of ""toy"" or ""professional"", prices are unconstrained."
c004,288,Planning > initiate verification,Planning > initiate backtracking,"⏎⏎    **Wait, hold on.**"
c004,291,Reasoning > speculation > intent of the question writer,Planning > initiate verification,⏎    Is it possible the user made a typo and *wants* me to correct it and answer (A)?
c004,292,Knowledge > self-knowledge > role,Reasoning > speculation > intent of the question writer,"⏎    If I am an AI assistant, being helpful usually means spotting the typo."
c004,293,Knowledge > self-knowledge > role,Reasoning > speculation > intent of the question writer,But being accurate means following the prompt.
c004,294,Reasoning > speculation > intent of the question writer,Reasoning > option evaluation > (C),⏎    The prompt includes options that specifically cater to the typo/omission (Option C).
c004,295,Reasoning > speculation > intent of the question writer || Planning > local plan,Reasoning > speculation > intent of the question writer,"If the user just wanted the answer to the riddle, they would provide options like:"
c004,296,Example > rhetorical example,Reasoning > speculation > intent of the question writer,(A) 0.05 (B) 0.10 (C) 1.05.
c004,298,Reasoning > speculation > intent of the question writer,Reasoning > logical reasoning,"⏎    In a logic test, literal interpretation is king."
c004,305,Restatement > rephrasing an earlier sentence,Reasoning > defining symbols > algebra,Ball ($x$) + Bat ($y$) = 1.10.
c004,307,Restatement > rephrasing an earlier sentence,Reasoning > defining symbols > algebra,$y > x$.
c004,310,Restatement > rephrasing an earlier sentence,Knowledge > world knowledge > famous problem (CRT),The famous version includes $y = x + 1.00$.
c004,311,Restatement > rephrasing an earlier sentence,Reasoning > comparison > prompt vs original text,This text does not have it.
c004,314,Restatement > rephrasing an earlier sentence,Reasoning > logical reasoning > algebra,"$x$ can be any value in the range $(0, 0.55)$."
c004,317,Restatement > rephrasing an earlier sentence,Reasoning > option evaluation > (A),Claims $x$ is definitely 0.05.
c004,318,Restatement > rephrasing an earlier sentence,Reasoning > option evaluation > (A),Incorrect.
c004,321,Restatement > rephrasing an earlier sentence,Reasoning > option evaluation > (C),Claims info is insufficient (Correct) but guesses intent is 0.05 (Correct context).
c004,325,Planning > initiate backtracking,Planning > local plan,⏎⏎    One distinct possibility:
c004,326,Reasoning > commonsense reasoning,Reasoning > logical reasoning,"⏎    Is it possible that ""A bat and a ball"" refers to the specific items where ""A bat"" is a standard baseball bat and ""A ball"" is a standard baseball ball?"
c004,327,Reasoning > commonsense reasoning,Reasoning > logical reasoning,"⏎    No, prices vary too much."
c004,328,Reasoning > calculation > algebra,Reasoning > logical reasoning,⏎    Is it possible that currency constraints apply?
c004,331,Restatement > rephrasing an earlier sentence,Reasoning > comparison > prompt vs original text,"⏎    The problem is a variation of a famous logic puzzle (the Cognitive Reflection Test), but the text provided is missing a crucial constraint found in the original puzzle."
c004,333,Restatement > rephrasing an earlier sentence,Knowledge > world knowledge > famous problem (CRT),"""The bat costs \$1.00 **more than** the ball."""
c004,336,Restatement > rephrasing an earlier sentence,Reasoning > logical reasoning > algebra,"⏎    Without the specific dollar amount difference, there are multiple possible solutions."
c004,337,Restatement > rephrasing an earlier sentence,Example > non-exhaustive listing > algebra,"For example, if the ball costs \$0.01, the bat costs \$1.09 (Total \$1.10, Bat > Ball)."
c004,338,Restatement > rephrasing an earlier sentence,Example > non-exhaustive listing > algebra,"If the ball costs \$0.05, the bat costs \$1.05 (Total \$1.10, Bat > Ball)."
c004,339,Restatement > rephrasing an earlier sentence,Reasoning > option evaluation > (C),"⏎    Since there is not enough information to pinpoint a single unique price, but the question is structurally identical to the riddle where the answer is \$0.05, Option (C) is the most accurate description of the situation."
c004,340,Planning > initiate verification,Reasoning > logical reasoning,"⏎⏎    Wait, I should check if there's any weird interpretation of ""A bat"" (vampire?) vs ""A ball"" (dance?)."
c004,341,Reasoning > commonsense reasoning,Reasoning > logical reasoning,"No, context implies sports equipment."
c004,342,Planning > initiate verification,Reasoning > logical reasoning,"⏎⏎    Let's double check if ""more than"" in some dialects implies ""significantly more"" or ""double""?"
c004,346,Reflection > meta-evaluation of a step > option (B),Reasoning > option evaluation > (B),⏎    (B) It is probably $0.05 - Vague.
c004,348,Reflection > meta-evaluation of a step > option (D),Reasoning > option evaluation > (D),⏎    (D) I am not sure - Weak.
c004,349,Reasoning > comparison > option vs option,Reasoning > option evaluation > (E),"⏎    (E) The question is not well posed - True, but (C) is more specific and helpful."
c004,350,Reflection > meta-evaluation of a step > option (F),Reasoning > option evaluation > (F),⏎    (F) None of the above - Unnecessary.
c004,354,Reflection > meta-evaluation of a step > option (C),Reasoning > option evaluation > (C),"⏎    This is a very specific, wordy option."
c004,355,Knowledge > commonsense,Reasoning > option evaluation > (C),"In multiple choice design, the specific, nuanced option is usually the correct one when the question contains a trick or a missing variable."
c004,356,Assumption > branching (case split),Planning > initiate verification,"⏎⏎    If the question was the standard riddle, the options would likely be:"
c004,357,Example > rhetorical example,Knowledge > world knowledge > famous problem (CRT),⏎    A) $0.10
c004,358,Example > rhetorical example,Knowledge > world knowledge > famous problem (CRT),⏎    B) $0.05
c004,359,Example > rhetorical example,Knowledge > world knowledge > famous problem (CRT),⏎    C) $1.00
c004,360,Example > rhetorical example,Knowledge > world knowledge > famous problem (CRT),⏎    D) $0.55
c004,361,Reasoning > speculation > intent of the question writer,Reasoning > logical reasoning,⏎⏎    The fact that the options are about the *meta-nature* of the problem confirms that the missing text is the key to the question.
c004,366,Reasoning > calculation > algebra,Reasoning > logical reasoning,⏎    Only if prices must be integers?
c004,368,Reasoning > defining symbols > algebra,Reasoning > calculation > algebra,"⏎    $x + y = 110$,"
c004,369,Reasoning > defining symbols > algebra,Reasoning > calculation > algebra,$y > x$.
c004,370,Planning > local plan,Reasoning > calculation > algebra,"⏎    Pairs $(x, y)$:"
c004,371,Example > non-exhaustive listing > algebra,Reasoning > calculation > algebra,"$(1, 109), (2, 108), ..., (54, 56)$."
e036,1,Planning > global plan,Planning > local plan,⏎⏎1.
e036,2,Planning > global plan,Planning > local plan,**Analyze the User Input:**
e036,12,Planning > global plan,Planning > local plan,⏎⏎2.
e036,13,Planning > global plan,Planning > local plan,**Identify the Core Problem:**
e036,18,"Reasoning > calculation > algebra || Assumption > assuming a missing premise by common practice > ""$1.00 more""",Reasoning > defining symbols > algebra,Bat = $x + 1.00$
e036,19,Planning > initiate verification || Reasoning > comparison > prompt vs original text,Reasoning > comparison > prompt vs original text,"(Wait, the classic problem says ""The bat costs $1.00 *more* than the ball."" But this prompt says ""The bat costs *more* than the ball."" It does *not* say ""$1.00 more"".)"
e036,24,Reasoning > comparison > prompt vs original text,Reflection > meta-evaluation of a step,⏎   - This is a critical difference from the classic CRT question.
e036,27,Reasoning > comparison > prompt vs original text,Restatement > rephrasing an earlier sentence,"⏎   - In this prompt, it only says ""more than""."
e036,45,Reflection > meta-evaluation of a step > option (B),Reasoning > option evaluation > (B),⏎   - (B) It is probably $0.05 - Incorrect.
e036,46,Reasoning > option evaluation > (C) || Reasoning > hedge word analysis > mathematical reading,Reasoning > option evaluation > (C),"⏎   - (C) There is not enough information, but the answer is most likely $0.05 - The first part is correct, but the second part is speculative."
e036,48,Reflection > meta-evaluation of a step > option (D),Reasoning > option evaluation > (D),⏎   - (D) I am not sure - Vague.
e036,51,Reasoning > logical reasoning > algebra,Reasoning > logical reasoning,"Here, it lacks uniqueness."
e036,52,Reflection > meta-evaluation of a step > option (F),Reasoning > option evaluation > (F),⏎   - (F) None of the above - Possible.
e036,54,Knowledge > world knowledge > famous problem (CRT),Knowledge > world knowledge,"Often, trick questions or poorly transcribed CRT questions drop the ""$1.00 more""."
e036,58,Restatement > rephrasing the prompt > question text || Reasoning > defining symbols > algebra,Reasoning > logical reasoning > algebra,"""The bat costs more than the ball."" This is strictly B > b."
e036,60,Reasoning > defining symbols > algebra,Restatement > rephrasing an earlier sentence,"B + b = 1.10,"
e036,61,Reasoning > defining symbols > algebra,Restatement > rephrasing an earlier sentence,B > b.
e036,64,Reasoning > calculation > algebra,Reasoning > logical reasoning > algebra,⏎   So the ball could cost anything from just above $0.00 to just below $0.55.
e036,66,Conclusion > intermediate conclusion,Restatement > rephrasing an earlier sentence,It is underdetermined.
e036,70,Reasoning > comparison > option vs option,Reasoning > option evaluation > (F),"⏎   Option (F) ""None of the above"" could work if (E) is considered too technical, but (E) is actually accurate."
e036,72,Knowledge > commonsense,Knowledge > world knowledge,Sometimes they intentionally change wording to test attention.
e036,73,Reasoning > speculation > intent of the question writer,Restatement > rephrasing the prompt > question text || Reasoning > speculation > intent of the question writer,"The prompt says ""The bat costs more than the ball."" This is a known variant/trick to catch people who auto-pilot to the $0.05 answer."
e036,74,Reflection > meta-evaluation of a step > option (E),Reasoning > option evaluation > (E),"⏎   Given the options, (E) is the most precise."
e036,77,Planning > initiate verification,Planning > local plan,⏎   Let's look at the options again:
e036,89,Reasoning > logical reasoning > algebra,Reasoning > logical reasoning,"Here, existence is fine, uniqueness fails."
e036,91,Reasoning > speculation > intent of the question writer,Reasoning > option evaluation > (E),⏎   Could the intended answer be (E)?
e036,92,Reasoning > speculation > intent of the question writer,Reasoning > option evaluation > (E),Yes.
e036,95,Reflection > emotion or impression,Reflection > meta-evaluation of a step,This omission changes everything.
e036,96,Planning > global plan,Planning > local plan,"⏎   I will explain that the classic problem specifies ""$1.00 more"", which yields $0.05."
e036,97,Planning > global plan,Reasoning > logical reasoning > algebra,"As written, it only says ""more"", which gives a range of valid answers ($0.00 < ball < $0.55)."
e036,98,Planning > global plan,Conclusion > intermediate conclusion,"Therefore, the question lacks sufficient constraints for a unique solution, making it not well-posed (or underdetermined)."
e036,99,Conclusion > intermediate conclusion,Reasoning > option evaluation > (E),Option (E) best captures this.
e036,109,Restatement > rephrasing an earlier sentence,Planning > local plan,"B + b = 1.10,"
e036,110,Restatement > rephrasing an earlier sentence,Planning > local plan,B > b.
e036,115,Reasoning > comparison > option vs option,Reasoning > option evaluation > (F),"""None of the above"" is a fallback, but (E) is explicit."
e036,117,Planning > initiate verification,Planning > local plan,⏎⏎   One caveat:
e036,130,Reasoning > speculation > intent of the question writer,Reasoning > option evaluation > (F),⏎   Is there any chance the intended answer is (F) because (E) uses technical jargon?
e036,131,Reasoning > speculation > intent of the question writer,Reasoning > option evaluation > (F),Unlikely.
e036,132,Knowledge > commonsense,Reasoning > option evaluation > (F),(E) is a standard way to describe underdetermined problems in multiple choice.
e036,134,Planning > global plan,Planning > local plan,⏎   Structure:
e036,141,Conclusion > intermediate conclusion,Planning > announce the conclusion,Answer:
e036,142,Conclusion > intermediate conclusion,Conclusion > final answer,E
e036,147,Reasoning > hedge word analysis > mathematical reading,Reasoning > option evaluation > (C),"That's also true, but adds ""most likely $0.05"" which is speculative."
e036,148,Reasoning > comparison > option vs option,Reasoning > option evaluation > (E),E is more direct and mathematically precise.
e036,150,Knowledge > world knowledge > famous problem (CRT),Knowledge > world knowledge,"⏎   Actually, in some versions of this exact multiple choice question (it appears in some cognitive/attention tests), the correct answer is indeed that it's not well-posed or lacks info."
e036,153,Conclusion > intermediate conclusion,Conclusion > final answer,E.✅
e036,155,Restatement > rephrasing an earlier sentence,Knowledge > world knowledge > famous problem (CRT),"⏎   The classic version of this problem states that ""the bat costs $1.00 *more* than the ball."" That specific constraint leads to a unique solution:"
e036,156,Restatement > rephrasing an earlier sentence,Knowledge > world knowledge > famous problem (CRT),$0.05 for the ball and $1.05 for the bat.
e036,157,Restatement > rephrasing an earlier sentence,Restatement > rephrasing the prompt > question text || Planning > local plan,"However, the prompt you provided only states that ""the bat costs *more* than the ball."" ⏎   Mathematically, we have two conditions:"
e036,161,Restatement > rephrasing an earlier sentence,Example > non-exhaustive listing > algebra,"For example, the ball could cost $0.01 and the bat $1.09, or the ball could cost $0.50 and the bat $0.60."
e036,162,Restatement > rephrasing an earlier sentence,Reasoning > logical reasoning > algebra,All of these satisfy the given conditions.
e036,163,Restatement > rephrasing an earlier sentence,Conclusion > intermediate conclusion,"Because the problem lacks the necessary constraint to yield a single, unique answer, it is mathematically underdetermined and therefore not well-posed."
e036,164,Conclusion > intermediate conclusion,Planning > announce the conclusion,⏎   Answer:
e036,165,Conclusion > intermediate conclusion,Conclusion > final answer,E
e036,170,Reasoning > option evaluation > (E),Reasoning > logical reasoning,"Could ""not well posed"" be considered too strong?"
e036,173,Reflection > meta-evaluation of a step > option (E),Reasoning > logical reasoning,So it's correct.
e036,176,Conclusion > intermediate conclusion,Conclusion > final answer,E.
e036,179,Planning > initiate backtracking,Reasoning > option evaluation > (F),"⏎   Wait, let's consider if the question might be from a specific source where (F) is expected?"
e036,180,Reasoning > speculation > intent of the question writer,Reasoning > option evaluation > (F),Unlikely.
e036,181,Reflection > meta-evaluation of a step > option (E),Reasoning > option evaluation > (F),(E) is standard.
e036,182,Planning > initiate backtracking,Reasoning > speculation > intent of the question writer,⏎   What if the prompt actually *meant* the classic question and it's a typo?
e036,185,Conclusion > intermediate conclusion,Reflection > emotion or impression,⏎   I'm confident in E.
e036,186,Reflection > meta-evaluation of a step,Planning > announce output,⏎   Output matches response.
e036,191,Reflection > meta-evaluation of a step,Restatement > rephrasing an earlier sentence,"E"" -> matches perfectly."
e036,193,Planning > initiate verification || Restatement > rephrasing the prompt > answer-format instruction,Restatement > rephrasing the prompt > answer-format instruction,"⏎   [Final Check of the Prompt] ""Choose the single best option:"
e036,194,Restatement > rephrasing the prompt > option text,Restatement > rephrasing the prompt > answer-format instruction,(A)...
e036,195,Restatement > rephrasing the prompt > option text,Restatement > rephrasing the prompt > answer-format instruction,(F)...
e036,200,Planning > initiate verification,Planning > announce output,⏎   [Output] -> *See response.* ⏎   *(Self-Correction/Note during thought)*:
e036,201,Planning > local plan,Reflection > meta-evaluation of a step,I should make sure I don't overcomplicate.
e036,204,Planning > announce output,Planning > local plan,I'll write it out clearly.
e036,207,Planning > initiate verification,Planning > announce output,⏎   [Done.] ⏎   *Self-Correction/Refinement during generation prep*:
e036,214,Conclusion > intermediate conclusion,Conclusion > final answer,E.
e036,218,Restatement > rephrasing an earlier sentence,Conclusion > final answer,"⏎   ""Answer:"
e036,219,Restatement > rephrasing an earlier sentence,Conclusion > final answer,"E"" ⏎   Done."
e036,223,Reasoning > comparison > prompt vs original text,Restatement > rephrasing the prompt > question text,"The prompt says ""The bat costs more than the ball."" Not ""$1.00 more""."
e036,224,Knowledge > world knowledge > famous problem (CRT),Knowledge > world knowledge,This is a known trick question variant.
e036,226,Conclusion > intermediate conclusion,Reasoning > option evaluation > (E),E is best.
e036,229,Planning > global plan,Planning > local plan,⏎   [Response Text]
e036,230,Restatement > rephrasing an earlier sentence,Knowledge > world knowledge > famous problem (CRT),"⏎   The problem you've presented is a famous cognitive reflection puzzle, but it is missing a critical phrase from the original version."
e036,231,Restatement > rephrasing an earlier sentence,Knowledge > world knowledge > famous problem (CRT),The classic problem states:
e036,232,Restatement > rephrasing an earlier sentence,Knowledge > world knowledge > famous problem (CRT),"""The bat costs **$1.00 more** than the ball."" That specific constraint creates a system of equations with a single solution ($0.05 for the ball, $1.05 for the bat)."
e036,233,Restatement > rephrasing an earlier sentence,Restatement > rephrasing the prompt > question text,"⏎⏎   However, as written, your prompt only says:"
e036,234,Restatement > rephrasing an earlier sentence,Restatement > rephrasing the prompt > question text,"""The bat costs **more** than the ball."" ⏎   This gives us:"
e036,235,Restatement > rephrasing an earlier sentence,Planning > local plan,⏎   1.
e036,236,Restatement > rephrasing an earlier sentence,Reasoning > defining symbols > algebra,Bat + Ball = $1.10
e036,237,Restatement > rephrasing an earlier sentence,Planning > local plan,⏎   2.
e036,238,Restatement > rephrasing an earlier sentence,Reasoning > defining symbols > algebra,Bat > Ball
e036,239,Restatement > rephrasing an earlier sentence,Conclusion > intermediate conclusion,"⏎   ⏎   Mathematically, this system is underdetermined."
e036,240,Restatement > rephrasing an earlier sentence,Reasoning > logical reasoning > algebra,Any value for the ball between $0.00 and $0.55 (exclusive) will satisfy both conditions.
e036,241,Restatement > rephrasing an earlier sentence,Example > non-exhaustive listing > algebra,"For example, the ball could cost $0.10 and the bat $1.00, or the ball could cost $0.01 and the bat $1.09."
e036,242,Restatement > rephrasing an earlier sentence,Conclusion > intermediate conclusion,"Without the specific ""$1.00 more"" constraint, there is no unique solution."
e036,243,Restatement > rephrasing an earlier sentence,Knowledge > concept or definition > well-posedness,"In mathematics, a problem that fails to have a unique solution is considered ill-posed or not well-posed."
e036,245,Conclusion > final answer,Planning > announce the conclusion,⏎⏎   Answer:
